国民の祝日・休日月日,国民の祝日・休日名称
2017/1/1,元日
2017/1/2,休日
2017/1/9,成人の日
2017/2/11,建国記念の日
2017/3/20,春分の日
2017/4/29,昭和の日
2017/5/3,憲法記念日
2017/5/4,みどりの日
2017/5/5,こどもの日
2017/7/17,海の日
2017/8/11,山の日
2017/9/18,敬老の日
2017/9/23,秋分の日
2017/10/9,体育の日
2017/11/3,文化の日
2017/11/23,勤労感謝の日
2017/12/23,天皇誕生日
2018/1/1,元日
2018/1/8,成人の日
2018/2/11,建国記念の日
2018/2/12,休日
2018/3/21,春分の日
2018/4/29,昭和の日
2018/4/30,休日
2018/5/3,憲法記念日
2018/5/4,みどりの日
2018/5/5,こどもの日
2018/7/16,海の日
2018/8/11,山の日
2018/9/17,敬老の日
2018/9/23,秋分の日
2018/9/24,休日
2018/10/8,体育の日
2018/11/3,文化の日
2018/11/23,勤労感謝の日
2018/12/23,天皇誕生日
2018/12/24,休日
2019/1/1,元日
2019/1/14,成人の日
2019/2/11,建国記念の日
2019/3/21,春分の日
2019/4/29,昭和の日
2019/4/30,休日
2019/5/1,休日（祝日扱い）
2019/5/2,休日
2019/5/3,憲法記念日
2019/5/4,みどりの日
2019/5/5,こどもの日
2019/5/6,休日
2019/7/15,海の日
2019/8/11,山の日
2019/8/12,休日
2019/9/16,敬老の日
2019/9/23,秋分の日
2019/10/14,体育の日（スポーツの日）
2019/10/22,休日（祝日扱い）
2019/11/3,文化の日
2019/11/4,休日
2019/11/23,勤労感謝の日
2020/1/1,元日
2020/1/13,成人の日
2020/2/11,建国記念の日
2020/2/23,天皇誕生日
2020/2/24,休日
2020/3/20,春分の日
2020/4/29,昭和の日
2020/5/3,憲法記念日
2020/5/4,みどりの日
2020/5/5,こどもの日
2020/5/6,休日
2020/7/23,海の日
2020/7/24,スポーツの日
2020/8/10,山の日
2020/9/21,敬老の日
2020/9/22,秋分の日
2020/11/3,文化の日
2020/11/23,勤労感謝の日